Gender,Married,Dependents,Education,Self_Employed,Loan_Amount_Term,Credit_History,Property_Area,Loan_Status,LoanAmount_log,Total_Income_log
1,0,0,0,0,360.0,1.0,2,1,4.852030263919617,8.674025985443025
1,1,1,0,0,360.0,1.0,0,0,4.852030263919617,8.714567550836485
1,1,0,0,1,360.0,1.0,2,1,4.189654742026425,8.006367567650246
1,1,0,1,0,360.0,1.0,2,1,4.787491742782046,8.50532301884575
1,0,0,0,0,360.0,1.0,2,1,4.948759890378168,8.699514748210191
1,1,2,0,1,360.0,1.0,2,1,5.58724865840025,9.170871628065816
1,1,0,1,0,360.0,1.0,2,1,4.553876891600541,8.255568653283746
1,1,3,0,0,360.0,0.0,1,0,5.062595033026967,8.61974977974133
1,1,2,0,0,360.0,1.0,2,1,5.123963979403259,8.61830469278465
1,1,1,0,0,360.0,1.0,1,0,5.855071922202427,10.077818939438902
1,1,2,0,0,360.0,1.0,2,1,4.248495242049359,8.268731832117737
1,1,2,0,0,360.0,1.0,2,1,4.6913478822291435,8.375629627094451
1,1,2,0,0,360.0,1.0,2,1,5.298317366548036,9.321792297270326
1,0,0,0,0,360.0,1.0,0,0,4.736198448394496,8.453827315794417
1,1,2,0,0,120.0,1.0,2,1,2.833213344056216,7.776954403322442
1,0,0,0,0,360.0,1.0,2,1,4.8283137373023015,8.507142855562735
1,0,1,1,0,240.0,1.0,2,1,4.605170185988092,8.18757739559151
0,0,0,0,0,360.0,0.0,2,0,4.330733340286331,8.163371316459912
1,1,0,1,0,360.0,1.0,0,0,4.890349128221754,8.494333897270154
1,1,0,0,0,360.0,1.0,2,1,4.74493212836325,8.716044050161402
1,1,0,1,0,360.0,0.0,2,0,4.6443908991413725,8.943767262734637
1,1,1,0,0,360.0,1.0,2,1,5.752572638825633,9.357034751126987
1,1,0,1,0,360.0,0.0,1,0,4.7535901911063645,8.414274137408396
1,1,2,1,0,360.0,0.0,0,0,4.718498871295094,8.572060092857077
1,1,1,0,0,360.0,1.0,1,0,5.017279836814924,8.801168401936692
1,1,0,0,1,360.0,1.0,1,1,5.25227342804663,9.165343006045447
1,1,0,0,0,360.0,1.0,1,1,4.804021044733257,8.527539483470381
1,1,2,1,0,360.0,1.0,2,1,4.700480365792417,8.569026340056254
1,0,0,1,0,360.0,1.0,2,0,3.5553480614894135,7.273786317844895
0,0,2,0,0,360.0,1.0,1,1,4.787491742782046,8.671286726753637
1,1,1,0,0,360.0,1.0,2,0,5.303304908059076,8.927314111060596
1,0,0,0,0,360.0,1.0,2,0,4.30406509320417,8.06054004653864
1,0,1,0,1,360.0,1.0,0,0,4.663439094112067,8.453614209773367
1,1,0,0,0,360.0,1.0,1,1,4.736198448394496,8.550047528287184
1,0,3,0,0,360.0,1.0,0,0,5.768320995793772,9.648595302907339
1,1,0,0,0,360.0,1.0,2,1,4.852030263919617,8.376090350438238
1,1,0,0,0,360.0,0.0,2,0,4.605170185988092,8.057694194815587
0,1,0,0,0,360.0,1.0,1,1,4.969813299576001,8.542080906924017
1,0,0,0,0,360.0,1.0,2,1,5.214935757608986,9.339261152043022
1,0,0,1,0,360.0,1.0,1,1,4.700480365792417,8.59711281459211
1,0,0,0,0,360.0,1.0,2,0,4.382026634673881,8.1886891244442
1,0,0,0,0,360.0,1.0,2,1,3.8501476017100584,8.0106915391303
1,1,0,0,0,360.0,1.0,2,1,4.31748811353631,7.783224016336037
1,1,0,0,0,360.0,1.0,1,1,4.897839799950911,8.744647438317532
1,1,0,1,1,360.0,1.0,2,1,4.564348191467836,8.454253391642363
0,0,0,0,0,360.0,1.0,2,1,4.477336814478207,8.134467570277563
1,1,1,0,0,360.0,1.0,2,1,3.784189633918261,8.639233817325263
1,1,0,0,0,360.0,1.0,2,1,4.969813299576001,8.669227347271736
0,1,0,0,0,360.0,0.0,2,0,4.787491742782046,8.713582005421628
0,0,0,0,0,360.0,1.0,1,1,4.969813299576001,8.744328763999984
0,1,0,1,0,360.0,1.0,1,1,4.605170185988092,8.18088094199639
0,0,0,0,0,360.0,1.0,1,1,4.787491742782046,8.034631032923107
0,0,0,0,0,360.0,1.0,1,0,4.718498871295094,8.349957272040324
1,1,2,0,0,360.0,1.0,2,0,4.897839799950911,8.437283808187935
0,1,1,0,1,360.0,0.0,2,0,5.655991810819852,9.350102314351341
1,1,2,0,0,360.0,1.0,1,1,4.574710978503383,8.262300941787448
1,1,0,0,0,360.0,1.0,1,1,4.564348191467836,8.222285073872717
1,1,0,0,0,360.0,1.0,0,0,4.90527477843843,8.624431942085836
1,1,1,0,0,360.0,1.0,2,1,5.19295685089021,9.242807562113684
1,1,2,1,0,360.0,1.0,2,1,4.969813299576001,8.734881892047483
1,1,0,0,0,360.0,1.0,2,1,4.787491742782046,8.74766979009724
1,1,3,0,0,360.0,1.0,2,1,4.59511985013459,8.015987811027237
1,1,0,1,1,180.0,0.0,0,0,5.10594547390058,8.709134991587183
1,1,1,0,0,360.0,0.0,0,0,4.852030263919617,8.506132244056813
0,0,0,0,0,360.0,0.0,1,0,4.7535901911063645,8.334711621820917
1,1,0,0,0,360.0,1.0,1,0,5.552959584921617,9.241935933565934
1,0,0,1,0,180.0,0.0,2,0,4.836281906951478,8.604104563405533
1,1,1,0,0,360.0,1.0,2,1,5.7430031878094825,9.28266103355581
1,1,3,1,1,60.0,1.0,2,1,4.8283137373023015,8.867850063029406
0,0,0,0,0,360.0,0.0,1,0,4.912654885736052,8.366370301681654
1,1,0,0,0,360.0,1.0,2,1,5.147494476813453,8.744169388750624
1,1,2,1,1,360.0,1.0,1,1,4.574710978503383,8.229511118964457
1,0,0,0,0,300.0,1.0,1,1,4.394449154672439,8.160518247477505
1,1,3,1,0,360.0,0.0,1,0,4.553876891600541,8.46695197497949
1,1,3,0,1,360.0,1.0,1,1,5.231108616854587,8.859363449152088
1,0,0,0,0,480.0,1.0,2,0,4.727387818712341,8.229511118964457
1,0,0,0,0,360.0,1.0,2,0,5.170483995038151,9.047821442478408
1,1,1,0,1,360.0,1.0,2,0,4.700480365792417,8.299534570332597
1,1,3,0,0,300.0,0.0,1,0,5.19295685089021,8.877242435993919
1,1,3,1,1,360.0,1.0,1,1,4.867534450455582,8.612321536507814
0,0,0,0,0,360.0,1.0,1,1,4.709530201312334,8.254788926148725
1,1,1,0,1,360.0,1.0,1,1,4.852030263919617,7.781138509845015
0,1,2,0,0,360.0,1.0,2,0,5.117993812416755,8.089175678837561
1,1,0,0,0,360.0,1.0,1,0,5.579729825986222,9.017968479328726
1,1,1,0,0,240.0,1.0,2,1,3.912023005428146,8.291045131081729
1,0,0,0,0,360.0,1.0,1,1,4.912654885736052,8.496378051702317
1,1,2,1,0,360.0,1.0,1,1,4.59511985013459,8.581669210600602
1,1,0,0,0,360.0,1.0,1,1,4.6443908991413725,8.43771698991444
1,0,0,0,0,360.0,1.0,2,1,5.3471075307174685,9.055556158175316
1,1,0,0,0,360.0,1.0,1,1,5.1647859739235145,9.196444266784072
1,1,0,0,0,360.0,1.0,1,1,4.875197323201151,8.675563527387679
1,1,2,0,0,180.0,1.0,1,1,5.236441962829949,9.384629757072872
1,1,2,1,0,360.0,1.0,2,1,4.394449154672439,8.535622326884605
1,0,0,0,0,360.0,1.0,1,1,4.804021044733257,8.326758814511733
1,0,0,1,0,120.0,1.0,1,1,3.2188758248682006,8.194229304819817
1,0,0,0,0,360.0,1.0,2,0,4.852030263919617,8.822027322685583
0,1,0,0,0,360.0,1.0,1,1,4.919980925828125,8.47345026846832
1,1,0,0,0,360.0,1.0,1,1,3.912023005428146,7.9976631270201
1,1,0,1,0,180.0,1.0,1,1,4.74493212836325,8.339978571990427
1,1,0,0,0,360.0,1.0,1,1,4.875197323201151,8.575462099540212
1,1,2,1,0,180.0,1.0,2,1,4.890349128221754,8.929435283803425
1,0,0,0,0,360.0,1.0,1,1,5.017279836814924,9.065198986306513
1,1,0,0,0,360.0,1.0,2,1,4.852030263919617,9.521494800613105
1,1,0,0,0,360.0,1.0,1,1,4.852030263919617,9.016148642611741
1,1,0,0,0,360.0,1.0,2,1,5.075173815233827,8.42726848388825
1,1,1,0,0,360.0,1.0,2,1,4.605170185988092,8.31434234336979
1,1,2,0,0,360.0,1.0,2,1,5.41610040220442,9.436918020024674
1,0,0,1,0,360.0,1.0,0,0,4.787491742782046,8.9001399880938
1,1,2,0,0,360.0,0.0,2,0,5.375278407684165,8.909235279192261
1,1,3,1,0,480.0,1.0,1,1,4.543294782270004,7.946263643580541
1,0,0,0,0,360.0,1.0,2,1,4.912654885736052,8.578476419833136
0,1,0,0,0,360.0,1.0,1,1,4.9344739331306915,8.568266461600238
1,1,0,1,0,360.0,0.0,0,0,5.0238805208462765,8.94715577112479
0,0,1,0,1,360.0,1.0,1,1,4.852030263919617,8.916103530553727
1,0,0,0,0,360.0,1.0,1,1,4.770684624465665,8.527143522269405
1,1,1,0,0,180.0,1.0,0,1,5.220355825078324,9.587611745713565
0,1,0,0,0,360.0,1.0,1,1,5.0369526024136295,8.60337088765729
1,1,1,0,0,360.0,1.0,2,1,4.442651256490317,8.192016914536875
1,1,0,0,0,360.0,1.0,0,0,5.1647859739235145,8.950273466557375
0,0,0,0,0,360.0,1.0,2,1,5.556828061699537,9.250330020192342
1,1,0,0,0,360.0,1.0,0,1,5.19295685089021,9.0280988119824
0,0,0,0,0,360.0,1.0,1,1,3.784189633918261,8.334711621820917
0,0,0,0,0,360.0,0.0,1,1,4.919980925828125,9.316230747233615
1,1,2,0,0,360.0,1.0,1,1,4.394449154672439,7.9919305198524775
1,1,0,1,0,360.0,1.0,0,1,5.267858159063328,8.750524669117937
0,0,0,0,0,360.0,1.0,0,1,4.532599493153256,8.213923595622743
1,1,3,0,0,360.0,1.0,0,1,5.91350300563827,10.077566902136047
1,0,0,0,0,360.0,1.0,0,1,4.852030263919617,8.61341204915678
1,1,1,0,1,180.0,0.0,2,0,5.075173815233827,9.572410734431823
1,1,0,0,0,360.0,1.0,0,0,5.204006687076795,9.065198986306513
1,0,0,0,1,480.0,1.0,2,1,6.476972362889683,9.91175329695316
1,0,0,0,0,360.0,1.0,2,1,4.30406509320417,8.279697133877628
1,0,0,0,0,360.0,1.0,1,1,4.248495242049359,7.907651594711089
1,1,0,0,1,120.0,1.0,1,1,3.2188758248682006,8.148734808937169
1,0,0,0,0,360.0,1.0,1,1,4.624972813284271,8.49596955496461
1,1,3,0,0,360.0,1.0,1,0,5.66988092298052,9.371608519572305
0,1,0,0,0,360.0,1.0,0,0,4.430816798843313,8.430109084509125
1,1,2,0,1,360.0,1.0,2,1,4.477336814478207,8.827028068509152
1,0,0,0,0,360.0,0.0,1,0,5.488937726156687,9.61573881119536
1,1,2,1,0,360.0,1.0,0,0,4.859812404361672,8.635864721133736
1,1,2,0,0,360.0,1.0,0,0,5.220355825078324,8.871365005136852
1,0,0,0,0,360.0,1.0,2,1,5.123963979403259,8.597297435657898
1,0,0,0,1,180.0,1.0,1,1,5.1647859739235145,8.846496938558838
1,1,0,0,0,360.0,1.0,1,1,4.804021044733257,8.462103225098277
1,1,2,0,0,180.0,1.0,2,1,5.231108616854587,9.372204086867741
0,1,0,0,0,360.0,1.0,1,1,4.605170185988092,8.827028068509152
0,1,2,0,0,360.0,1.0,2,1,4.248495242049359,9.60683200528524
1,1,1,0,0,360.0,1.0,2,1,3.4011973816621555,7.993957547573565
0,0,0,0,0,360.0,1.0,0,0,5.41610040220442,9.364433907313582
1,1,0,0,0,360.0,1.0,1,1,4.8283137373023015,8.646465527120377
1,0,0,0,0,360.0,0.0,0,0,4.770684624465665,8.744647438317532
1,1,0,0,1,360.0,1.0,0,1,5.0238805208462765,8.752581469146884
1,0,0,0,0,360.0,1.0,2,0,5.497168225293202,9.123256265069069
1,1,2,1,0,360.0,1.0,0,0,4.727387818712341,7.732369222284388
1,0,0,0,0,360.0,1.0,2,1,3.912023005428146,8.087640287778983
1,1,3,0,0,180.0,0.0,1,1,6.396929655216146,10.596609732783568
1,1,1,0,0,360.0,1.0,0,1,5.075173815233827,8.699514748210191
1,1,1,0,0,360.0,1.0,2,1,5.231108616854587,9.16303909885817
1,0,0,0,0,360.0,1.0,0,1,4.787491742782046,8.529714471969909
1,1,0,0,0,360.0,1.0,1,1,5.541263545158426,9.23092700558457
1,1,0,1,0,360.0,1.0,1,1,4.584967478670572,7.973844375944687
1,1,0,0,0,360.0,1.0,2,0,5.616771097666572,8.978786553302003
1,1,1,0,0,360.0,0.0,1,0,4.795790545596741,8.382289428951436
1,1,2,0,0,360.0,1.0,0,1,5.062595033026967,8.633018756921828
1,1,0,0,0,180.0,1.0,2,1,4.31748811353631,9.140239744296693
1,1,0,0,0,360.0,1.0,0,1,5.204006687076795,8.835355971121606
0,1,0,0,0,360.0,1.0,0,0,4.718498871295094,8.430109084509125
1,1,0,0,0,360.0,1.0,0,1,4.859812404361672,8.660773919893762
1,0,0,0,0,480.0,0.0,1,0,4.143134726391533,7.71289096149013
1,1,2,0,0,360.0,1.0,1,1,5.298317366548036,8.987196820661973
1,1,0,1,0,360.0,1.0,0,1,4.553876891600541,8.185628891147607
1,1,3,0,0,300.0,1.0,2,1,6.551080335043404,10.854430887309706
1,1,3,1,0,180.0,1.0,0,0,4.394449154672439,8.166784289056151
1,1,0,0,0,360.0,1.0,1,1,5.231108616854587,9.335474102732949
1,1,0,1,1,360.0,1.0,1,0,4.465908118654584,8.533066540572527
1,1,0,0,0,360.0,1.0,0,1,4.7535901911063645,8.605387202152153
1,1,2,0,0,360.0,1.0,0,1,4.61512051684126,8.20631072579402
1,1,3,0,0,360.0,0.0,1,0,6.20455776256869,9.730086093116732
1,1,1,0,0,360.0,1.0,1,1,4.7535901911063645,8.229511118964457
1,0,0,1,0,480.0,0.0,2,0,4.624972813284271,8.238536930171769
1,1,1,0,0,360.0,0.0,2,0,5.19295685089021,9.521494800613105
1,0,0,0,0,360.0,1.0,0,0,4.204692619390966,8.850660919017152
1,1,0,0,0,180.0,1.0,1,1,4.290459441148391,8.433811582477187
1,1,1,0,0,360.0,1.0,1,0,5.560681631015528,10.429576102968031
0,1,0,0,0,360.0,1.0,1,1,4.68213122712422,8.195609567288775
1,1,0,0,1,360.0,1.0,1,1,4.787491742782046,10.689601259598334
1,1,1,0,1,300.0,0.0,0,0,4.189654742026425,7.686162303492906
1,1,0,0,0,360.0,1.0,0,1,4.060443010546419,8.416488487294606
1,1,0,0,1,360.0,1.0,0,1,5.123963979403259,8.694502206386648
1,1,0,0,0,180.0,1.0,0,1,5.236441962829949,9.140775908590273
1,0,0,1,0,360.0,1.0,0,1,3.871201010907891,8.493924564476883
1,0,0,0,0,360.0,1.0,1,0,5.099866427824199,9.392661928770137
1,1,0,1,0,360.0,1.0,2,0,5.075173815233827,8.704999678440762
1,0,0,0,0,360.0,1.0,1,1,4.330733340286331,8.257904193465674
1,0,0,0,0,360.0,1.0,0,1,4.787491742782046,8.340694647925071
1,1,1,0,0,360.0,1.0,1,0,5.135798437050262,8.649623978596727
1,0,0,0,0,360.0,1.0,0,1,5.231108616854587,9.399554785027307
0,0,0,1,0,360.0,1.0,2,1,4.787491742782046,8.35983738064003
0,1,0,0,0,360.0,1.0,1,1,4.727387818712341,8.737452587550584
1,0,0,0,1,360.0,1.0,2,0,4.418840607796598,9.305650551780507
1,1,1,1,0,360.0,1.0,1,1,4.499809670330265,8.536995818712418
1,0,2,0,0,360.0,0.0,1,1,5.111987788356544,8.5016733797582
1,1,3,1,0,180.0,1.0,2,0,4.852030263919617,8.292047637431354
1,1,1,1,0,360.0,1.0,2,1,4.90527477843843,8.430109084509125
1,1,2,1,0,360.0,1.0,1,1,4.820281565605037,8.27308133366583
0,0,0,1,0,360.0,1.0,1,1,4.787491742782046,8.391176350832751
0,0,0,0,0,360.0,1.0,2,1,4.382026634673881,8.084562415235304
1,0,0,1,0,360.0,1.0,0,1,4.007333185232471,8.780480107033297
1,0,0,0,0,360.0,1.0,2,1,4.07753744390572,7.8156105320351905
1,0,0,0,0,360.0,1.0,1,0,4.844187086458591,8.136810863675537
0,0,0,0,0,360.0,1.0,1,0,5.365976015021851,9.210340371976184
1,1,3,0,0,360.0,0.0,1,0,4.852030263919617,8.451053388911692
1,1,1,0,1,360.0,1.0,2,1,5.480638923341991,8.960210955576986
1,1,3,1,1,360.0,1.0,0,1,4.867534450455582,8.648747631156539
1,1,0,0,0,360.0,1.0,2,1,4.919980925828125,8.731336360533149
1,1,3,1,0,360.0,1.0,1,1,4.605170185988092,8.483222671845084
1,1,0,0,0,360.0,1.0,0,0,4.90527477843843,7.575584651557793
1,1,0,0,0,360.0,1.0,1,1,4.875197323201151,8.61286694148452
1,1,2,0,0,360.0,0.0,1,0,4.276666119016055,8.517193191416238
0,1,2,0,0,360.0,1.0,1,1,4.844187086458591,8.804775258867686
1,1,0,0,0,360.0,0.0,2,0,4.0943445622221,7.7057128238944275
1,1,2,0,0,360.0,1.0,1,1,4.7535901911063645,8.65277248565806
1,0,0,0,0,360.0,1.0,1,1,4.969813299576001,8.659039915644474
1,1,0,0,0,360.0,1.0,1,1,5.1647859739235145,9.058121158998672
1,1,0,0,0,360.0,1.0,1,1,4.852030263919617,8.740336742730447
1,1,0,0,0,360.0,1.0,0,0,5.135798437050262,8.086410275323782
1,1,0,1,1,360.0,1.0,2,0,4.927253685157205,8.462737005620179
1,1,2,0,0,360.0,1.0,1,1,5.3471075307174685,8.980298078970817
1,1,0,0,0,480.0,1.0,1,1,5.062595033026967,8.467582690862903
1,0,0,0,1,360.0,1.0,0,1,5.298317366548036,8.764053269347762
1,1,1,0,0,360.0,1.0,1,1,4.6443908991413725,8.421783006611578
1,1,0,0,0,180.0,1.0,0,1,3.7376696182833684,8.22040309993373
1,0,0,1,0,360.0,1.0,0,1,4.787491742782046,8.663369301573839
0,0,0,0,0,360.0,1.0,1,1,5.634789603169249,9.027978814382207
1,1,1,0,0,360.0,1.0,1,1,4.941642422609304,8.503905297089302
1,1,1,0,0,360.0,1.0,0,1,5.135798437050262,8.81877816903701
1,1,0,0,0,360.0,1.0,2,0,5.541263545158426,8.656259239539235
0,0,0,0,1,360.0,1.0,2,1,4.804021044733257,8.149890544402423
0,0,1,0,0,360.0,1.0,0,1,4.718498871295094,8.245909264774093
1,1,1,0,0,360.0,1.0,1,1,4.564348191467836,8.106212902619962
1,1,2,0,0,360.0,1.0,0,1,4.787491742782046,9.289059126687574
1,1,1,1,0,180.0,1.0,2,0,4.941642422609304,8.41027590907016
1,0,0,0,0,60.0,1.0,2,1,5.043425116919247,9.067162602299854
1,1,2,0,1,360.0,1.0,0,1,4.68213122712422,8.92930284224307
1,1,0,1,0,360.0,1.0,1,1,4.812184355372417,8.96482339168508
1,0,0,0,1,180.0,1.0,2,0,4.787491742782046,9.247925132303454
1,1,2,0,0,360.0,1.0,2,1,4.718498871295094,9.1801903950253
1,1,1,1,0,180.0,1.0,2,1,4.919980925828125,8.796036315200814
1,1,1,0,0,480.0,1.0,1,1,4.812184355372417,8.460622839927844
1,1,0,0,0,360.0,1.0,2,1,4.499809670330265,8.209852481301272
1,1,0,1,0,360.0,0.0,1,0,5.303304908059076,8.62299361030245
0,0,2,0,0,360.0,1.0,2,0,4.927253685157205,8.139440521874608
1,0,0,1,1,360.0,1.0,0,1,4.6443908991413725,8.465899897028686
1,1,1,1,0,180.0,1.0,1,1,5.631211781821365,9.186252576447092
1,0,0,0,1,360.0,0.0,2,0,5.2574953720277815,9.695848187757884
0,0,3,0,0,360.0,1.0,0,1,5.541263545158426,8.03365842788615
1,0,0,1,0,360.0,0.0,0,0,4.74493212836325,8.706986763048892
1,1,3,0,0,360.0,1.0,2,0,4.543294782270004,8.565983355585669
1,1,0,0,0,360.0,1.0,0,0,5.717027701406222,9.72812174830818
1,1,3,1,0,360.0,1.0,1,0,4.852030263919617,8.503297086224126
1,1,1,0,0,360.0,1.0,2,1,5.799092654460526,9.243097936214355
1,0,0,0,0,360.0,1.0,1,1,4.897839799950911,8.359134886757962
0,0,1,0,0,36.0,1.0,1,0,5.043425116919247,8.15507488781144
0,0,0,0,0,360.0,1.0,0,1,4.787491742782046,8.881836305004146
1,0,0,0,1,360.0,1.0,1,1,4.852030263919617,8.549853973655786
1,0,0,0,0,360.0,1.0,0,1,5.017279836814924,8.928242677818302
1,1,2,0,0,360.0,1.0,1,1,5.0106352940962555,8.715224041915372
1,1,3,0,0,360.0,0.0,2,1,5.075173815233827,8.723231274827508
0,0,0,0,0,360.0,1.0,0,0,4.90527477843843,8.136810863675537
0,0,1,0,0,360.0,1.0,2,1,4.499809670330265,8.397508348470257
0,0,0,0,0,360.0,1.0,2,1,3.4011973816621555,8.082402253926244
1,1,0,0,0,360.0,1.0,2,1,4.912654885736052,9.318835968129482
1,0,0,0,0,360.0,1.0,0,1,4.836281906951478,8.453187861440325
1,1,0,0,0,360.0,1.0,1,1,5.0106352940962555,8.48528964240323
1,1,2,0,0,360.0,1.0,1,1,4.499809670330265,8.268731832117737
1,1,1,0,0,360.0,1.0,1,1,4.74493212836325,8.432070937999402
1,1,0,0,0,360.0,1.0,1,1,5.332718793265369,8.891098830616636
1,1,0,0,0,360.0,1.0,2,1,4.382026634673881,8.390041405755754
1,1,0,0,0,360.0,1.0,1,1,6.077642243349034,9.587611745713565
0,1,0,1,0,360.0,1.0,0,1,4.820281565605037,8.318742252692399
1,0,1,1,1,360.0,0.0,2,0,5.062595033026967,8.776321456449958
1,1,0,0,0,360.0,1.0,1,1,4.718498871295094,8.461046030793236
1,1,2,0,0,180.0,1.0,2,1,4.356708826689592,8.097669722345216
0,0,0,0,0,360.0,1.0,2,1,3.9889840465642745,8.153925132007862
1,1,0,0,0,360.0,1.0,0,0,4.852030263919617,9.936293504261306
1,0,0,0,0,360.0,1.0,0,1,4.48863636973214,8.734077192559303
0,0,0,0,1,300.0,1.0,1,0,4.59511985013459,8.370315995555478
1,1,0,0,0,360.0,1.0,0,1,4.787491742782046,8.648922962094131
0,0,0,0,0,360.0,1.0,1,1,4.74493212836325,8.32457884513685
1,0,0,0,0,360.0,1.0,0,1,5.231108616854587,9.159888828480085
1,1,0,0,0,360.0,1.0,0,1,4.9344739331306915,8.610865667278873
1,1,2,0,0,360.0,0.0,1,0,4.844187086458591,8.389359819906353
1,1,2,0,0,360.0,1.0,2,1,4.897839799950911,8.45807992692373
0,0,0,0,0,480.0,0.0,2,0,4.962844630259907,8.597297435657898
1,1,0,0,0,360.0,1.0,1,1,5.147494476813453,8.651199471263972
1,1,3,0,0,360.0,1.0,2,1,4.700480365792417,8.642238680390461
1,1,1,0,0,360.0,1.0,1,1,5.298317366548036,8.835646922534773
0,1,1,0,0,360.0,1.0,2,1,4.90527477843843,8.448057452581375
0,0,0,0,0,480.0,1.0,0,0,5.017279836814924,8.928110078202646
1,1,1,0,0,360.0,1.0,2,0,4.727387818712341,8.504918160540624
1,1,0,1,0,360.0,0.0,2,0,4.532599493153256,8.46252579007393
1,1,0,1,0,360.0,1.0,1,1,4.653960350157523,8.439231649946526
0,0,0,0,0,360.0,1.0,0,1,4.882801922586371,8.517193191416238
1,1,1,0,0,360.0,1.0,2,1,4.564348191467836,8.13973227971767
1,0,0,0,0,360.0,1.0,0,1,4.941642422609304,8.779557455883728
1,0,0,1,0,360.0,1.0,2,0,4.852030263919617,7.600902459542082
0,0,0,0,0,360.0,1.0,0,1,4.90527477843843,8.59932602095476
0,0,0,0,0,360.0,0.0,2,0,4.6443908991413725,8.35772841676521
1,0,0,0,0,360.0,1.0,0,0,6.173786103901937,9.915070213779195
1,1,2,1,0,360.0,1.0,0,1,5.220355825078324,8.944680683558895
0,0,0,0,0,360.0,1.0,1,1,4.430816798843313,7.978310969867722
1,0,0,1,0,360.0,1.0,1,1,4.709530201312334,8.5814816812986
0,0,0,0,0,360.0,1.0,0,1,4.02535169073515,7.826842098158293
1,1,2,0,1,84.0,1.0,0,1,4.969813299576001,8.656259239539235
1,1,0,0,0,360.0,1.0,0,0,5.0689042022202315,8.370084326378025
1,1,1,1,0,180.0,1.0,2,1,4.709530201312334,8.524962928680598
1,1,2,0,0,360.0,1.0,1,1,4.787491742782046,8.220672170297252
1,1,0,0,0,360.0,1.0,2,1,4.477336814478207,8.340933226000878
0,0,1,0,0,360.0,1.0,1,1,4.718498871295094,8.172164452111904
1,1,1,0,1,360.0,1.0,0,0,5.043425116919247,9.210340371976184
1,1,0,0,0,360.0,1.0,1,1,4.74493212836325,8.426611813185
1,1,3,0,0,360.0,1.0,1,1,4.820281565605037,8.418697944667139
1,1,2,1,0,360.0,1.0,0,1,4.852030263919617,8.55468163582723
0,0,0,0,0,360.0,1.0,0,1,4.882801922586371,8.724369949208368
1,1,3,0,0,360.0,1.0,0,1,5.703782474656201,9.615805480084347
1,1,1,0,1,360.0,0.0,0,0,5.929589143389895,9.521421537856195
1,0,0,0,0,360.0,0.0,0,1,4.867534450455582,8.50045386741194
1,1,0,0,1,360.0,1.0,1,1,5.214935757608986,8.984443032465352
0,1,0,0,0,360.0,1.0,2,0,4.700480365792417,8.822322177471738
0,0,0,0,0,360.0,1.0,2,1,4.204692619390966,7.824046010856292
1,0,1,0,0,360.0,1.0,2,1,4.762173934797756,8.728587995695898
1,0,0,0,0,360.0,1.0,1,1,4.584967478670572,7.984462732262196
1,0,0,0,0,360.0,1.0,2,1,4.2626798770413155,7.949091499830517
1,1,0,0,0,180.0,1.0,2,1,6.194405391104672,11.05622495553552
1,1,1,0,1,180.0,1.0,2,1,5.204006687076795,9.364433907313582
1,1,0,0,1,360.0,1.0,1,1,4.248495242049359,9.209640126861789
1,1,1,0,0,360.0,1.0,0,1,5.075173815233827,8.689127655323706
1,1,2,0,1,360.0,1.0,0,1,5.170483995038151,8.867850063029406
0,0,3,1,0,360.0,0.0,2,0,4.852030263919617,7.512071245835466
0,0,0,0,0,360.0,1.0,1,1,4.2626798770413155,8.333270353255308
1,1,3,1,0,360.0,1.0,0,0,5.153291594497779,8.350902451694811
0,0,0,0,0,360.0,1.0,0,0,3.828641396489095,7.774015077250727
1,1,1,1,0,360.0,1.0,2,1,5.062595033026967,8.662677858158219
1,1,3,1,0,360.0,1.0,1,1,4.30406509320417,8.062432791583195
1,1,2,0,0,360.0,1.0,0,1,4.8283137373023015,8.499640032168648
1,1,0,0,0,360.0,1.0,1,1,5.075173815233827,8.508555998020574
1,1,0,1,0,360.0,0.0,0,0,5.0238805208462765,8.817742129574842
1,1,2,1,0,360.0,1.0,2,1,4.836281906951478,8.566173813637858
1,1,0,0,0,360.0,1.0,1,1,5.556828061699537,9.29798488182823
1,1,0,0,0,360.0,1.0,0,1,5.231108616854587,9.090993614343617
1,1,0,0,0,360.0,1.0,1,1,5.429345628954441,9.114159813502214
1,0,0,0,0,360.0,1.0,0,0,5.730099782973574,9.466299552232016
1,1,3,0,0,360.0,1.0,0,1,4.553876891600541,8.465689348549121
0,1,0,0,1,360.0,0.0,0,0,4.653960350157523,8.612503371220562
0,1,0,0,0,360.0,1.0,1,1,4.867534450455582,7.982074875081202
0,0,0,0,0,180.0,1.0,2,1,4.7535901911063645,8.246171559857563
1,1,2,0,0,360.0,1.0,0,1,5.10594547390058,9.350102314351341
1,1,1,0,0,360.0,1.0,2,0,4.204692619390966,8.262300941787448
1,1,0,1,0,480.0,0.0,2,0,4.605170185988092,8.448057452581375
1,1,3,0,0,360.0,1.0,1,1,5.298317366548036,9.0280988119824
0,0,1,0,0,360.0,1.0,1,0,4.394449154672439,8.460199469896118
1,1,2,0,0,360.0,1.0,1,1,5.4638318050256105,9.067277989134345
1,1,0,0,0,360.0,1.0,2,1,4.867534450455582,8.865452825753623
1,1,0,0,0,300.0,1.0,2,1,4.553876891600541,8.707152175339404
1,0,0,0,1,360.0,1.0,0,1,4.948759890378168,8.82790796297859
1,0,0,1,0,360.0,1.0,0,0,4.890349128221754,8.734881892047483
1,0,0,0,0,480.0,1.0,1,0,4.564348191467836,7.824046010856292
1,0,0,0,0,360.0,0.0,0,0,4.820281565605037,8.541690663016626
1,1,1,0,0,360.0,1.0,1,1,5.1647859739235145,8.752265313595721
1,1,0,0,0,360.0,1.0,0,0,6.345636360828596,10.126471091048971
0,0,0,0,1,360.0,1.0,1,1,4.007333185232471,9.665166909622071
1,1,2,0,0,360.0,1.0,1,1,5.043425116919247,8.553525120663627
1,1,2,0,1,300.0,1.0,0,1,5.940171252720432,9.752432077616172
1,0,1,0,0,180.0,0.0,2,0,4.709530201312334,8.526945482858915
0,0,0,0,0,360.0,1.0,2,1,4.700480365792417,8.348301054933943
1,1,0,0,0,180.0,1.0,2,1,4.787491742782046,8.655214489313613
1,1,3,0,0,360.0,1.0,0,1,4.867534450455582,9.52850315168155
1,1,0,0,0,360.0,1.0,1,1,4.867534450455582,8.368693183097793
1,0,0,0,0,480.0,1.0,2,0,4.2626798770413155,8.029107054619736
1,1,2,0,0,360.0,1.0,2,1,4.867534450455582,8.592486175451668
1,1,0,0,0,360.0,1.0,1,1,4.852030263919617,8.671286726753637
1,0,0,0,0,360.0,1.0,1,1,5.69035945432406,9.227492430793749
0,0,0,0,0,360.0,1.0,2,1,5.049856007249537,8.699514748210191
1,0,0,0,1,360.0,1.0,2,1,4.852030263919617,8.877242435993919
1,1,2,0,0,360.0,1.0,2,0,4.605170185988092,8.42639282708974
1,0,1,0,0,180.0,1.0,2,1,4.727387818712341,8.207129168071326
1,0,0,1,0,360.0,1.0,1,1,4.882801922586371,8.28045768658256
1,1,0,1,0,360.0,0.0,2,0,4.852030263919617,8.72355674269043
1,1,0,0,0,360.0,1.0,2,1,4.912654885736052,8.465899897028686
1,1,0,0,0,360.0,1.0,0,1,4.8283137373023015,8.610319169405722
1,0,3,0,0,360.0,1.0,0,1,5.220355825078324,9.123365357961776
1,1,3,0,0,360.0,1.0,0,1,5.616771097666572,9.159468041602427
1,1,0,0,0,360.0,1.0,2,1,4.787491742782046,8.454892165218858
1,1,2,1,0,180.0,1.0,1,1,4.727387818712341,8.193676665955241
1,1,2,0,0,360.0,1.0,2,1,4.727387818712341,8.411832675758411
1,1,2,0,0,360.0,1.0,1,1,4.90527477843843,8.23217423638394
0,0,0,0,0,360.0,0.0,2,0,4.2626798770413155,8.064636475774222
1,1,0,0,0,360.0,1.0,2,1,4.553876891600541,8.410053315858335
1,0,0,1,0,360.0,1.0,0,1,4.6913478822291435,8.624791202014256
0,0,0,0,0,360.0,0.0,1,0,4.634728988229636,8.101677747454572
1,1,2,1,0,180.0,0.0,2,0,3.8066624897703196,7.968665700466235
1,0,0,1,0,300.0,1.0,0,0,4.174387269895637,7.9211727215870145
1,0,0,0,0,360.0,1.0,1,1,4.634728988229636,10.021270588192511
0,0,0,1,0,360.0,1.0,1,1,3.970291913552122,7.5822291942764615
0,0,0,0,1,360.0,1.0,0,0,5.267858159063328,8.914760527397261
0,0,0,0,0,360.0,1.0,1,1,4.74493212836325,8.42222295382501
1,1,0,1,0,360.0,1.0,2,1,4.74493212836325,8.426611813185
0,0,0,1,0,360.0,1.0,0,1,4.189654742026425,7.70210434005105
1,1,1,0,0,300.0,0.0,1,0,5.0238805208462765,9.02401079378469
1,1,3,0,0,360.0,0.0,0,0,5.886104031450156,11.302204433654575
0,0,1,1,1,360.0,1.0,1,0,4.127134385045092,8.260234291607297
1,1,0,0,0,360.0,1.0,2,1,5.075173815233827,8.741296282225147
1,1,0,1,0,360.0,0.0,0,0,5.384495062789089,8.715388097366482
1,1,0,1,0,360.0,1.0,0,1,4.700480365792417,8.363109176033522
0,1,0,1,0,360.0,0.0,1,0,5.181783550292085,8.591558273371545
0,0,0,0,0,360.0,1.0,2,1,4.0943445622221,8.00469951054955
0,0,1,0,0,360.0,1.0,2,0,5.075173815233827,7.8632667240095735
1,1,2,0,1,360.0,1.0,2,0,5.476463551931511,9.980448593672257
1,1,0,0,0,360.0,1.0,0,1,4.718498871295094,8.242229891372231
1,1,0,0,0,360.0,1.0,1,1,4.927253685157205,8.44741429680832
1,1,0,0,0,360.0,1.0,0,1,4.927253685157205,8.67060073804555
0,0,0,1,0,360.0,0.0,2,0,4.382026634673881,7.908387159290043
1,1,0,0,0,360.0,1.0,2,1,4.605170185988092,8.171599480345463
1,1,1,0,0,360.0,0.0,2,0,4.700480365792417,9.095714846134879
1,1,0,0,0,360.0,1.0,1,1,4.564348191467836,9.607773308387083
1,1,0,0,0,360.0,1.0,0,1,4.795790545596741,8.848796450925947
0,0,1,1,0,360.0,1.0,0,0,4.394449154672439,8.43511508038063
1,1,2,0,0,360.0,1.0,1,1,4.890349128221754,8.688622307043769
1,1,0,0,0,360.0,1.0,0,1,4.465908118654584,7.984844261119869
1,0,0,1,0,180.0,1.0,2,1,4.0943445622221,7.907283609426348
0,0,1,0,1,360.0,1.0,1,1,5.0106352940962555,9.06230429314878
1,0,0,0,0,360.0,0.0,0,0,4.653960350157523,8.779557455883728
1,0,0,0,0,360.0,1.0,1,1,6.003887067106539,9.463120392418698
1,1,0,0,0,360.0,1.0,1,1,4.962844630259907,8.469052816088302
1,0,0,0,0,360.0,1.0,2,1,4.605170185988092,8.229511118964457
0,1,0,0,0,240.0,1.0,1,1,4.852030263919617,9.215029361462314
1,0,0,0,0,360.0,1.0,1,1,3.912023005428146,8.236685322712457
1,1,0,0,0,360.0,1.0,2,1,4.852030263919617,8.11312710422178
1,0,0,0,1,360.0,0.0,2,0,5.231108616854587,9.251098364448351
0,1,0,1,1,360.0,1.0,0,1,4.927253685157205,8.873748128154395
1,0,0,0,0,360.0,1.0,1,1,5.231108616854587,9.07383312732152
1,1,0,0,0,360.0,1.0,0,1,5.19295685089021,9.1833801903934
1,0,3,1,0,360.0,1.0,1,1,4.997212273764115,8.809862805379057
1,0,1,0,0,360.0,1.0,1,1,5.0238805208462765,10.537919225261291
1,1,0,0,0,300.0,1.0,0,1,5.1647859739235145,9.659248037927183
1,1,1,0,1,360.0,1.0,0,1,4.867534450455582,8.450198322591959
1,1,2,1,0,360.0,1.0,0,1,4.700480365792417,8.445052513638554
1,1,0,0,0,360.0,1.0,0,0,4.007333185232471,8.500047032581268
1,1,2,0,0,360.0,0.0,0,0,5.0106352940962555,8.527143522269405
1,0,1,1,1,360.0,1.0,1,0,5.247024072160486,8.368925174747135
1,1,2,1,0,360.0,0.0,0,0,4.8283137373023015,8.1786387885907
1,1,2,1,0,300.0,1.0,2,1,4.0943445622221,8.135639903354386
1,1,0,0,0,360.0,0.0,0,0,5.003946305945459,8.644882552557126
1,1,0,0,0,180.0,0.0,0,1,4.499809670330265,8.506940814951886
1,0,0,0,1,360.0,1.0,1,1,4.430816798843313,8.865735152124781
1,1,2,0,0,360.0,1.0,1,1,4.564348191467836,8.258163361537619
1,1,0,0,0,360.0,1.0,2,1,4.770684624465665,8.366602832783736
1,1,0,0,0,360.0,1.0,2,0,5.153291594497779,8.744647438317532
1,0,2,0,0,360.0,1.0,0,1,4.912654885736052,8.378850241794492
1,1,0,0,0,360.0,1.0,1,0,5.075173815233827,9.0280988119824
1,1,0,0,1,360.0,1.0,1,1,5.075173815233827,8.726805608446096
1,1,3,0,0,180.0,1.0,2,1,4.852030263919617,8.954156966583772
1,1,0,0,0,360.0,1.0,0,1,5.030437921392435,8.556990661290303
0,0,1,1,0,360.0,1.0,1,1,4.882801922586371,8.55468163582723
1,0,0,0,0,360.0,0.0,1,0,4.584967478670572,8.334711621820917
1,0,0,0,0,360.0,1.0,0,1,4.941642422609304,8.699514748210191
1,1,3,1,0,180.0,0.0,2,0,4.248495242049359,8.436200032206706
1,1,0,0,0,360.0,1.0,1,1,4.700480365792417,9.722684841711443
0,1,2,1,0,360.0,1.0,1,1,4.584967478670572,8.047829357457841
1,1,0,0,0,360.0,1.0,2,0,4.700480365792417,8.822322177471738
1,1,1,0,1,360.0,1.0,1,1,5.087596335232384,8.617762246337932
1,1,1,1,0,180.0,0.0,0,0,4.727387818712341,8.331586243630754
1,1,3,0,0,360.0,1.0,1,1,4.605170185988092,8.453401058328458
0,0,0,0,1,360.0,1.0,2,1,4.532599493153256,7.824046010856292
1,0,2,0,0,360.0,1.0,0,1,5.087596335232384,9.228180290104513
1,1,2,0,1,360.0,1.0,0,1,5.0106352940962555,9.772182251758139
1,1,2,0,0,300.0,1.0,1,1,5.438079308923196,9.041921720351219
1,1,2,0,0,360.0,0.0,1,0,4.882801922586371,8.464846711044029
1,1,1,0,1,360.0,1.0,1,1,4.454347296253507,9.847816267665664
1,1,2,0,0,360.0,1.0,2,0,4.852030263919617,8.422882511944996
0,0,0,1,0,360.0,1.0,0,1,5.0369526024136295,8.37793112408273
1,1,3,1,0,360.0,1.0,0,1,4.727387818712341,8.037543185118697
1,1,0,0,0,360.0,1.0,1,1,4.852030263919617,8.562740006372207
1,1,0,0,0,360.0,1.0,1,1,5.455321115357702,9.290352309945568
1,1,2,0,0,360.0,1.0,1,1,5.5053315359323625,9.027978814382207
1,1,1,1,0,360.0,1.0,0,1,4.875197323201151,8.387995252944556
1,0,2,0,0,360.0,0.0,0,0,4.382026634673881,8.173857454773621
1,1,1,0,0,360.0,1.0,2,0,6.214608098422191,9.816457993563025
1,1,2,0,1,360.0,1.0,1,1,5.075173815233827,8.804775258867686
1,0,0,0,0,360.0,1.0,2,0,4.31748811353631,7.79770203551669
1,0,0,1,0,360.0,1.0,1,1,4.564348191467836,8.609590040682205
1,1,1,1,0,360.0,1.0,2,1,5.225746673713202,8.774003600200931
1,0,0,1,0,360.0,1.0,0,1,4.700480365792417,8.213652703029998
0,0,0,1,1,360.0,1.0,1,1,5.41610040220442,9.756320761816548
1,1,0,0,0,360.0,0.0,0,0,4.77912349311153,8.657650544111494
0,1,1,0,0,84.0,1.0,1,1,4.653960350157523,8.352082671352637
1,1,0,1,0,360.0,1.0,0,1,4.672828834461906,8.366370301681654
1,1,0,0,0,12.0,1.0,2,1,4.709530201312334,8.920255414908091
1,1,1,0,1,360.0,1.0,1,1,4.553876891600541,7.970740390007095
1,0,0,0,0,360.0,0.0,0,0,5.342334251964811,9.277905558138606
0,0,0,0,0,480.0,1.0,0,1,4.727387818712341,8.372860820526318
0,0,0,0,0,360.0,1.0,1,1,4.605170185988092,8.058010800802085
1,1,2,0,0,360.0,1.0,1,1,5.337538079701318,9.258082367961604
1,1,1,1,0,360.0,1.0,0,0,4.927253685157205,9.143345503151904
1,1,0,1,0,300.0,1.0,1,1,4.820281565605037,8.574895901544526
1,1,2,0,0,360.0,1.0,0,1,5.493061443340548,8.97790377375038
1,1,0,0,0,360.0,1.0,2,1,6.173786103901937,10.221941283654663
1,0,0,0,0,360.0,1.0,2,0,4.564348191467836,8.183955717304954
1,1,0,0,1,360.0,1.0,2,1,5.236441962829949,8.61104776688786
0,0,1,0,0,360.0,1.0,2,1,3.6888794541139363,9.492658081928813
1,0,0,1,0,360.0,1.0,0,0,4.605170185988092,8.493924564476883
1,1,1,0,0,360.0,1.0,1,1,5.521460917862246,8.995784837848506
1,1,2,0,0,360.0,1.0,2,1,4.997212273764115,8.578852571802965
1,1,0,0,0,180.0,1.0,1,0,4.248495242049359,9.082052351674651
1,0,0,0,0,360.0,1.0,0,0,5.739792912179234,9.15704507491796
1,1,3,0,0,360.0,1.0,0,1,5.0106352940962555,8.83840674707681
0,1,2,0,0,480.0,1.0,1,1,4.727387818712341,8.206037762778815
1,1,0,1,0,360.0,0.0,1,0,4.812184355372417,8.491670234185152
1,0,0,0,0,360.0,1.0,1,0,5.220355825078324,8.794521851788527
0,0,0,1,0,360.0,1.0,0,0,4.553876891600541,8.131530710604252
1,1,2,1,0,360.0,1.0,1,1,3.8066624897703196,8.277411998949004
1,0,0,0,0,360.0,1.0,1,1,4.007333185232471,7.824046010856292
1,1,3,0,1,360.0,1.0,0,1,4.605170185988092,8.867990898182093
1,1,2,0,1,360.0,1.0,0,1,6.173786103901937,9.623376745580666
1,0,0,0,0,360.0,1.0,1,0,4.852030263919617,8.819813136232225
1,1,2,0,1,360.0,1.0,0,1,5.991464547107982,9.769956159911606
1,1,0,0,0,360.0,1.0,1,1,4.700480365792417,8.236155661683124
1,1,1,1,0,360.0,0.0,1,1,5.081404364984463,8.812099108957337
1,0,1,1,0,360.0,1.0,1,1,4.543294782270004,8.289288323000317
1,0,0,1,0,360.0,1.0,1,1,4.867534450455582,8.82217476094608
1,1,0,0,0,360.0,1.0,0,1,5.375278407684165,8.783396232190894
1,1,3,0,0,360.0,1.0,2,1,4.605170185988092,8.361941906144946
1,0,2,0,0,360.0,0.0,0,0,4.700480365792417,8.185350223178686
1,0,1,0,0,360.0,1.0,1,0,5.278114659230517,9.328123407632566
0,0,0,1,1,360.0,1.0,2,1,4.8283137373023015,9.807251944655302
1,0,0,1,0,360.0,1.0,0,1,4.836281906951478,8.432070937999402
1,1,0,0,0,360.0,1.0,2,1,5.780743515792329,9.214232786691527
1,0,2,0,0,360.0,1.0,1,1,4.672828834461906,8.193400231952097
1,1,0,1,0,360.0,1.0,0,0,4.189654742026425,8.146998697389993
1,1,3,0,0,180.0,1.0,0,1,5.056245805348308,8.766705997750515
0,1,1,0,0,180.0,1.0,1,1,4.941642422609304,8.916371914881694
0,0,0,0,0,360.0,0.0,1,0,4.59511985013459,7.6676260915849905
0,0,1,0,0,360.0,1.0,1,1,4.553876891600541,8.20303024171486
1,1,1,1,0,360.0,1.0,2,1,4.852030263919617,8.46863300080086
0,1,0,1,0,360.0,1.0,1,1,4.624972813284271,8.210668031162976
1,1,0,0,0,360.0,1.0,0,1,5.043425116919247,8.45914025996762
1,0,0,1,0,36.0,1.0,1,0,4.382026634673881,8.119100837637486
1,0,0,0,0,360.0,1.0,0,1,4.976733742420574,8.368461137615839
0,0,0,0,0,360.0,0.0,1,0,4.634728988229636,8.517193191416238
1,1,0,0,0,360.0,1.0,0,1,4.700480365792417,8.476579508530941
1,1,2,0,1,360.0,0.0,0,0,4.852030263919617,8.799812469525556
1,1,1,1,0,360.0,1.0,0,1,4.852030263919617,8.490233009833455
1,1,1,0,0,360.0,1.0,2,1,5.062595033026967,8.792245847467877
1,1,0,1,0,360.0,0.0,2,0,5.198497031265826,8.473659189392508
1,1,0,0,0,180.0,0.0,0,0,4.882801922586371,8.969414650866176
1,1,1,0,0,360.0,1.0,1,1,3.258096538021482,8.779557455883728
0,0,0,0,0,360.0,1.0,2,1,4.430816798843313,8.36450810375059
1,1,3,0,1,360.0,1.0,1,1,5.560681631015528,9.22414465295258
1,1,0,0,0,360.0,1.0,1,1,5.087596335232384,8.78813593986372
0,1,0,0,0,360.0,1.0,1,1,5.204006687076795,8.777401286867264
1,1,2,1,0,360.0,1.0,1,1,4.68213122712422,8.27308133366583
0,1,1,0,1,360.0,1.0,1,1,6.396929655216146,9.877348894926433
1,1,0,0,0,360.0,1.0,0,1,5.351858133476067,8.984317679911129
1,0,0,1,1,360.0,1.0,1,1,4.882801922586371,8.66561319653451
1,1,2,0,0,360.0,0.0,2,0,5.552959584921617,9.08239335764556
1,1,0,1,0,360.0,1.0,0,1,4.787491742782046,8.404472321352118
1,0,0,0,0,360.0,1.0,2,1,4.248495242049359,8.11162807830774
1,1,3,0,0,360.0,0.0,0,0,4.812184355372417,8.68270762989381
0,0,0,0,0,360.0,1.0,2,0,2.1972245773362196,7.774015077250727
1,1,0,0,0,360.0,0.0,2,0,4.6443908991413725,8.56216655705897
1,1,1,0,0,360.0,1.0,2,1,5.225746673713202,8.550047528287184
1,1,0,0,0,360.0,0.0,2,0,5.10594547390058,8.789812386190972
1,1,2,0,0,360.0,1.0,2,1,5.616771097666572,9.721125994942152
1,1,2,1,0,480.0,1.0,1,0,5.231108616854587,8.955448122347393
1,1,3,0,0,360.0,1.0,1,0,5.0106352940962555,8.764990330169104
1,1,2,0,0,84.0,1.0,2,1,4.68213122712422,8.194229304819817
1,1,0,0,0,360.0,0.0,1,0,4.912654885736052,8.574895901544526
1,0,0,0,0,360.0,1.0,2,1,4.700480365792417,8.694167141883597
1,1,1,0,0,360.0,1.0,0,1,4.672828834461906,8.297543529356284
1,0,0,0,0,360.0,1.0,2,1,5.081404364984463,8.715880102296456
1,1,2,0,0,360.0,1.0,1,1,5.3230099791384085,8.785692444451245
1,0,0,0,0,360.0,1.0,2,0,4.499809670330265,10.482149379105689
0,1,0,0,0,360.0,1.0,1,1,3.58351893845611,8.060224240440958
1,1,1,0,0,360.0,1.0,0,0,4.110873864173311,7.539027055823995
1,1,1,0,0,360.0,0.0,0,0,4.983606621708336,8.456168489578463
1,1,1,0,0,84.0,1.0,0,0,5.147494476813453,8.893298144217916
1,1,0,0,0,360.0,1.0,2,1,4.6443908991413725,8.247743887225516
0,0,0,1,0,360.0,1.0,1,1,4.248495242049359,7.68017564043659
1,0,0,0,0,360.0,1.0,1,1,4.543294782270004,8.465899897028686
1,1,2,0,1,360.0,0.0,1,0,4.663439094112067,7.9105906122564775
1,1,0,0,0,180.0,1.0,1,1,4.02535169073515,8.766550149546351
1,1,2,0,1,240.0,1.0,1,0,5.3230099791384085,8.699514748210191
1,0,3,0,1,360.0,1.0,1,1,5.676753802268282,9.143880005275912
1,1,0,0,0,180.0,1.0,0,1,4.955827057601261,8.876125585396185
1,1,0,0,1,360.0,1.0,2,1,5.560681631015528,9.68781601606062
1,0,0,1,0,360.0,1.0,0,1,4.700480365792417,8.251403065380556
1,1,2,1,1,360.0,1.0,0,0,5.231108616854587,8.906935339059165
1,0,0,0,0,360.0,0.0,1,0,4.477336814478207,8.00202481821611
1,1,0,0,1,360.0,1.0,0,1,5.19295685089021,9.206633510044856
1,1,2,0,0,360.0,1.0,2,1,5.2574953720277815,8.662158961666423
0,0,3,0,0,180.0,1.0,2,0,5.857933154483459,10.647399137646048
1,1,0,1,0,360.0,1.0,0,1,5.043425116919247,8.645762292210945
1,1,3,0,0,360.0,1.0,2,1,4.852030263919617,8.648747631156539
1,0,0,0,0,360.0,1.0,0,1,5.147494476813453,8.984317679911129
0,1,1,0,0,360.0,1.0,1,1,6.206575926724928,9.392661928770137
1,1,0,1,0,180.0,1.0,2,0,4.852030263919617,8.732304571033183
1,1,1,0,0,360.0,1.0,1,1,5.153291594497779,8.68270762989381
1,1,2,1,0,360.0,1.0,0,1,5.056245805348308,8.59378379357795
1,1,0,0,0,360.0,1.0,0,1,4.68213122712422,8.552946361122055
0,0,0,0,0,360.0,1.0,0,1,4.2626798770413155,7.9724660159745655
1,1,3,0,0,180.0,1.0,0,1,3.6888794541139363,8.32020459757888
1,1,1,0,0,360.0,1.0,2,1,5.53338948872752,9.025455532779063
1,1,2,0,0,360.0,1.0,2,1,5.231108616854587,8.933664178700935
0,0,0,0,1,360.0,0.0,1,0,4.890349128221754,8.430109084509125
